Model,Family,Institute,Country,Type,Parents,Predecessor,"CMIP3 names","CMIP5 names","CMIP6 names","References (note: see the supplement for a list of references)"
ECMWF,ECMWF,ECMWF,Europe,AGCM,,,,,,
"ECMWF CY17",ECMWF,ECMWF,Europe,AGCM,,ECMWF,,,"ECMWF-IFS-HR,ECMWF-IFS-LR,ECMWF-IFS-MR",
"IFS/ARPEGE CY18",ECMWF,ECMWF/CNRM,Europe,AGCM,,"ECMWF CY17",,,,
"IFS/ARPEGE CY31R1",ECMWF,ECMWF/CNRM,Europe,AGCM,,"IFS/ARPEGE CY18",,,,
"IFS/ARPEGE CY32T0",ECMWF,ECMWF/CNRM,Europe,AGCM,,"IFS/ARPEGE CY31R1",,,,
"IFS/ARPEGE CY36R4",ECMWF,ECMWF/CNRM,Europe,AGCM,,"IFS/ARPEGE CY32T0",,,,
"IFS/ARPEGE CY37",ECMWF,ECMWF/CNRM,Europe,AGCM,,"IFS/ARPEGE CY36R4",,,,
"IFS/ARPEGE CY43R1",ECMWF,ECMWF/CNRM,Europe,AGCM,,"IFS/ARPEGE CY37",,,,
EC-Earth2.2,ECMWF,"EC-Earth Consortium/ICHEC",Europe,ESM,"IFS/ARPEGE CY31R1",,,EC-EARTH-2-2,,"Hazeleger et al. (2010), Hazeleger et al. (2012)"
EC-Earth2.3,ECMWF,"EC-Earth Consortium/ICHEC",Europe,ESM,,EC-Earth2.2,,EC-EARTH,,
EC-Earth3,ECMWF,"EC-Earth Consortium/ICHEC",Europe,ESM,,EC-Earth2.3,,,"EC-Earth3,EC-Earth3-AerChem,EC-Earth3-CC,EC-Earth3-LR,EC-Earth3-Veg,EC-Earth3-Veg-LR,EC-Earth3P,EC-Earth3P-HR,EC-Earth3P-VHR","WCRP (2022)"
"ARPEGE-Climat 3",ECMWF,CNRM/CERFACS,France,AGCM,"IFS/ARPEGE CY18",,,,,"CNRM (2022a): https://www.umr-cnrm.fr/spip.php?article124&lang=en"
"ARPEGE-Climat 5.2",ECMWF,CNRM/CERFACS,France,AGCM,"IFS/ARPEGE CY32T0","ARPEGE-Climat 3",,,,"CNRM (2008): https://www.umr-cnrm.fr/gmapdoc/IMG/pdf_arp51ca.pdf"
"ARPEGE-Climat 6.3",ECMWF,CNRM/CERFACS,France,AGCM,"IFS/ARPEGE CY37","ARPEGE-Climat 5.2",,,,"Roehrig et al. (2020)"
CNRM-CM3,ECMWF,CNRM/CERFACS,France,AOGCM,"ARPEGE-Climat 3",,cnrm_cm3,,,"Salas-Mélia et al. (2005)"
CNRM-CM5.1,ECMWF,CNRM/CERFACS,France,AOGCM,"ARPEGE-Climat 5.2",CNRM-CM3,,CNRM-CM5,,
CNRM-CM5.2,ECMWF,CNRM/CERFACS,France,AOGCM,,CNRM-CM5.1,,CNRM-CM5-2,,
CNRM-CM6.1,ECMWF,CNRM/CERFACS,France,AOGCM,"ARPEGE-Climat 6.3",CNRM-CM5.2,,,"CNRM-CM6-1,CNRM-CM6-1-HR",
BCCR-BCM2.0,ECMWF,BCCR,Norway,AOGCM,"ARPEGE-Climat 3",,bccr_bcm2_0,,,"PCMDI (2005): https://pcmdi.llnl.gov/ipcc/model_documentation/BCCR_BCM2.0.pdf"
CNRM-ESM2.1,ECMWF,CNRM/CERFACS,France,ESM,CNRM-CM6.1,,,,CNRM-ESM2-1,"CNRM (2022b): https://www.umr-cnrm.fr/cmip6/spip.php?article10"
ECHAM0,ECMWF,MPI-M/HAMMOZ,Germany,AGCM,"ECMWF CY17",,,,,"Roeckner et al. (1992), Stevens et al. (2016)"
ECHAM4,ECMWF,MPI-M/HAMMOZ,Germany,AGCM,ECHAM0,,ingv_echam4,,,
ECHAM5,ECMWF,MPI-M/HAMMOZ,Germany,AGCM,,ECHAM4,mpi_echam5,,,
ECHAM6,ECMWF,MPI-M/HAMMOZ,Germany,AGCM,,ECHAM5,,,,
ECHAM6.1,ECMWF,MPI-M/HAMMOZ,Germany,AGCM,,ECHAM6,,,ECHAM6-1-05-LR,
ECHAM6.3,ECMWF,MPI-M/HAMMOZ,Germany,AGCM,,ECHAM6.1,,,,
ECHO-G,ECMWF,MIUB,Germany,AOGCM,ECHAM4,,miub_echo_g,,,"Legutke and Voss (1999)"
CAMS-CSM1.0,ECMWF,CAMS,China,AOGCM,ECHAM5,,,,CAMS-CSM1-0,"Chen et al. (2019)"
MPI-ESM,ECMWF,MPI-M/HAMMOZ,Germany,AOGCM,ECHAM6,,,"MPI-ESM-LR,MPI-ESM-MR,MPI-ESM-P",,"MPI (2022): https://mpimet.mpg.de/en/science/models/mpi-esm/"
MPI-ESM1.2,ECMWF,MPI-M/HAMMOZ,Germany,AOGCM,ECHAM6.3,MPI-ESM,,,"MPI-ESM-1-2-HAM,MPI-ESM1-2-HR,MPI-ESM1-2-LR,MPI-ESM1-2-XR","Mauritsen et al. (2019)"
AWI-CM1.1,ECMWF,AWI,Germany,AOGCM,ECHAM6.3,,,,"AWI-CM-1-1-HR,AWI-CM-1-1-LR,AWI-CM-1-1-MR","Semmler et al. (2020)"
CMCC-CM,ECMWF,CMCC,Italy,AOGCM,ECHAM5,,,CMCC-CM,,"CMCC (2022): https://www.cmcc.it/models/cmcc-cm"
ICON-A,ECMWF,MPI-M/HAMMOZ,Germany,AGCM,ECHAM6,,,,,"Giorgetta et al. (2018)"
AWI-ESM1.1,ECMWF,AWI,Germany,ESM,AWI-CM1.1,,,,AWI-ESM-1-1-LR,"FESOM (2022): https://fesom.de/models/awi-esm/"
CMCC-CMS,ECMWF,CMCC,Italy,AOGCM,ECHAM5,,,CMCC-CMS,,"es-doc (2015): https://view.es-doc.org/?renderMethod=name&type=cim.1.software.ModelComponent&name=CMCC-CMS&project=CMIP5"
ICON-ESM,ECMWF,MPI-M/HAMMOZ,Germany,ESM,ICON-A,,,,ICON-ESM-LR,"Jungclaus et al. (2022)"
NESM3,ECMWF,NUIST,China,AOGCM,ECHAM6.3,,,,NESM3,"Cao et al. (2021)"
CCM0B,CCM,NCAR/NSF/DOE,USA,AGCM,ECMWF,,,,,"Edwards (2011)"
CCM3,CCM,NCAR/NSF/DOE,USA,AGCM,,,,,,
CAM,CCM,NCAR/NSF/DOE,USA,AGCM,,CCM3,,,,"Collins et al. (2006)"
CAM2,CCM,NCAR/NSF/DOE,USA,AGCM,,CAM,,,,
CAM3,CCM,NCAR/NSF/DOE,USA,AGCM,,CAM2,,,,
CAM4,CCM,NCAR/NSF/DOE,USA,AGCM,,CAM3,,,,
CAM5,CCM,NCAR/NSF/DOE,USA,AGCM,,CAM4,,,,
CAM6,CCM,NCAR/NSF/DOE,USA,AGCM,,CAM5,,,,
"IAP AGCM4.1",CCM,LASG/IAP/CESS,China,AGCM,CAM5,,,,,"Zhang et al. (2020)"
"IAP AGCM5.0",CCM,LASG/IAP/CESS,China,AGCM,,"IAP AGCM4.1",,,,"Zhang et al. (2020)"
CAS-ESM1,CCM,LASG/IAP/CESS,China,ESM,"IAP AGCM4.1",,,,,"Zhang et al. (2020)"
CAS-ESM2,CCM,LASG/IAP/CESS,China,ESM,,CAS-ESM1,,,CAS-ESM2-0,"Zhang et al. (2020)"
FGOALS1,CCM,LASG/IAP/CESS,China,AOGCM,CAM5,,iap_fgoals1_0_g,FGOALS-gl,,"Zhou et al. (2008), Yu et al. (2011), Hai-Yang et al. (2014)"
FGOALS2,CCM,LASG/IAP/CESS,China,AOGCM,,FGOALS1,,"FGOALS-g2,FGOALS-s2",,"Zhou et al. (2018)"
FGOALS3,CCM,LASG/IAP/CESS,China,AOGCM,,FGOALS2,,,"FGOALS-g3,FGOALS-f3-H,FGOALS-f3-L","He et al. (2019), Li et al. (2020), Guo et al. (2020)"
CSM1,CCM,NCAR/NSF/DOE,USA,AOGCM,CCM3,,,,,
CCSM,CCM,NCAR/NSF/DOE,USA,AOGCM,CAM,CSM1,,,,
CCSM2,CCM,NCAR/NSF/DOE,USA,AOGCM,CAM2,CCSM,,,,
CCSM3,CCM,NCAR/NSF/DOE,USA,AOGCM,CAM3,CCSM2,ncar_ccsm3_0,,,
CCSM4,CCM,NCAR/NSF/DOE,USA,AOGCM,CAM4,CCSM3,,CCSM4,,
PCM1,CCM,NCAR/NSF/DOE,USA,AOGCM,CCM3,,ncar_pcm1,,,"Washington et al. (2000)"
FIO-ESM1,CCM,FIO/QLNM,China,ESM,CCSM3,,,FIO-ESM,,
FIO-ESM2,CCM,FIO/QLNM,China,ESM,CAM5,FIO-ESM1,,,FIO-ESM-2-0,
BCC-CSM1.1,CCM,BCC,China,AOGCM,CCSM2,,,"BCC-CSM1-1,BCC-CSM1-1-m",,"BCC (2022): http://forecast.bcccsm.ncc-cma.net/web/channel-43.htm"
BCC-CSM2,CCM,BCC,China,AOGCM,CCSM3,BCC-CSM1.1,,,"BCC-CSM2-HR,BCC-CSM2-MR","Wu et al. (2019)"
CESM1,CCM,NCAR/NSF/DOE,USA,ESM,CCSM4,,,"CESM1-BGC,CESM1-FASTCHEM,CESM1-WACCM",CESM1-WACCM-SC,"NCAR (2022): https://www.cesm.ucar.edu/models/cesm1.0/config_conventions_cesm.html"
CESM1-CAM5,CCM,NCAR/NSF/DOE,USA,ESM,CAM5,CESM1,,"CESM1-CAM5,CESM1-CAM5-1-FV2","CESM1-CAM5-SE-HR,CESM1-CAM5-SE-LR,CESM1-1-CAM5-CMIP5","Meehl et al. (2013)"
CESM2,CCM,NCAR/NSF/DOE,USA,ESM,CAM6,CESM1-CAM5,,,"CESM2,CESM2-FV2,CESM2-WACCM,CESM2-WACCM-FV2","WCRP (2022): https://wcrp-cmip.github.io/CMIP6_CVs/docs/CMIP6_source_id.html"
BCC-ESM1,CCM,BCC,China,ESM,BCC-CSM2,,,,BCC-ESM1,"Wu et al. (2020)"
TaiESM1,CCM,"AS RCEC",Taiwan,ESM,CESM1-CAM5,,,,"TaiESM1,TaiESM1-TIMCOM,TaiESM1-TIMCOM2","Wang et al. (2021b)"
CMCC-CM2,CCM,CMCC,Italy,AOGCM,CESM1-CAM5,,,,"CMCC-CM2-HR4,CMCC-CM2-SR5,CMCC-CM2-VHR4","Cherchi et al. (2019)"
CMCC-CESM,CCM,CMCC,Italy,ESM,CESM1-CAM5,,,CMCC-CESM,,
CMCC-CESM,CCM,CMCC,Italy,ESM,CESM1-CAM5,,,CMCC-CESM,,"CMCC (2022a): https://www.cmcc.it/models/cmcc-cesm-nemo-climate-coupled-model"
CMCC-ESM2,CCM,CMCC,Italy,ESM,CMCC-CESM,,,,CMCC-ESM2,"Cherchi et al. (2019), CMCC (2022b): https://www.cmcc.it/models/cmcc-esm-earth-system-model"
E3SM1.0,CCM,DOE,USA,ESM,CESM1-CAM5,,,,E3SM-1-0,"Golaz et al. (2019)"
E3SM1.1,CCM,DOE,USA,ESM,,E3SM1.0,,,"E3SM-1-1,E3SM-1-1-ECA",
SAM0-UNICON,CCM,SNU,"South Korea",ESM,CESM1-CAM5,,,,SAM0-UNICON,"Park et al. (2019)"
CIESM,CCM,THU,China,ESM,CESM1-CAM5,,,,CIESM,"Lin et al. (2020)"
NorESM1,CCM,NCC,Norway,ESM,CCSM4,,,"NorESM1-M,NorESM1-ME",NorESM1-F,"Bentsen et al. (2013)"
NorESM2,CCM,NCC,Norway,ESM,CESM2,NorESM1,,,"NorESM2-LM,NorESM2-MM","Seland et al. (2020)"
NorCPM1,CCM,NCC,Norway,ESM,NorESM1,,,,NorCPM1,"Bethke et al. (2021)"
BNU-ESM,CCM,BNU,China,ESM,CCSM4,,,BNU-ESM,,"Ji et al. (2014)"
CanAM3,CanAM,CCCma,Canada,AGCM,,,,,,
CanAM4,CanAM,CCCma,Canada,AGCM,,CanAM3,,CanAM4,,
CanAM5,CanAM,CCCma,Canada,AGCM,,CanAM4,,,,
CGCM3.1,CanAM,CCCma,Canada,AOGCM,CanAM3,,"cccma_cgcm3_1,cccma_cgcm3_1_t63",,,"Merryfield et al. (2013)"
CanCM4,CanAM,CCCma,Canada,AOGCM,CanAM4,CGCM3.1,,CanCM4,,"Salimun et al. (2015)"
CanESM2,CanAM,CCCma,Canada,ESM,CanCM4,,,CanESM2,,"CCCma (2018): https://www.canada.ca/en/environment-climate-change/services/climate-change/science-research-data/modeling-projections-analysis/centre-modelling-analysis/models/second-generation-earth-system-model.html"
CanESM5,CanAM,CCCma,Canada,ESM,CanAM5,CanESM2,,,"CanESM5,CanESM5-CanOE","Swart et al. (2019)"
"CSIRO Mk3.0",CSIRO,CSIRO/QCCCE/UNSW/BOM/ARCCSS,Australia,AOGCM,,,csiro_mk3_0,,,
"CSIRO Mk3.5",CSIRO,CSIRO/QCCCE/UNSW/BOM/ARCCSS,Australia,AOGCM,,"CSIRO Mk3.0",csiro_mk3_5,,,
"CSIRO Mk3.6.0",CSIRO,CSIRO/QCCCE/UNSW/BOM/ARCCSS,Australia,AOGCM,,"CSIRO Mk3.5",,CSIRO-Mk3-6-0,,
"CSIRO Mk3L",CSIRO,CSIRO/QCCCE/UNSW/BOM/ARCCSS,Australia,AOGCM,"CSIRO Mk3.0",,,CSIRO-Mk3L-1-2,,"Phipps et al. (2011)"
IPSL-CM4,IPSL,IPSL,France,ESM,,,ipsl_cm4,,,"IPSL CMC (2022): https://cmc.ipsl.fr/ipsl-climate-models/ipsl-cm4/"
IPSL-CM5A,IPSL,IPSL,France,ESM,,IPSL-CM4,,"IPSL-CM5A-LR,IPSL-CM5A-MR",,
IPSL-CM5B,IPSL,IPSL,France,ESM,,IPSL-CM5A,,IPSL-CM5B-LR,,
IPSL-CM6A,IPSL,IPSL,France,ESM,,IPSL-CM5B,,,"IPSL-CM6A-ATM-HR,IPSL-CM6A-LR,IPSL-CM6A-LR-INCA",
IPSL-CM5A2,IPSL,IPSL,France,ESM,IPSL-CM5A,,,,IPSL-CM5A2-INCA,"Sepulchre et al. (2020)"
GFDL-AM2.0,GFDL,"NASA GFDL",USA,AGCM,,,,,,
GFDL-AM2.1,GFDL,"NASA GFDL",USA,AGCM,,GFDL-AM2.0,,,,
GFDL-AM2.5,GFDL,"NASA GFDL",USA,AGCM,,GFDL-AM2.1,,,,
GFDL-AM3,GFDL,"NASA GFDL",USA,AGCM,,GFDL-AM2.5,,,,
GFDL-AM4,GFDL,"NASA GFDL",USA,AGCM,,GFDL-AM3,,,GFDL-AM4,
GFDL-CM2.0,GFDL,"NASA GFDL",USA,AOGCM,GFDL-AM2.0,,gfdl_cm2_0,,,"Delworth et al. (2006)"
GFDL-CM2.1,GFDL,"NASA GFDL",USA,AOGCM,GFDL-AM2.1,GFDL-CM2.0,gfdl_cm2_1,"GFDL-CM2-1,GFDL-CM2p1",,
GFDL-CM2.5,GFDL,"NASA GFDL",USA,AOGCM,GFDL-AM2.5,GFDL-CM2.1,,,,
GFDL-CM3,GFDL,"NASA GFDL",USA,AOGCM,GFDL-AM3,GFDL-CM2.5,,GFDL-CM3,,
GFDL-CM4,GFDL,"NASA GFDL",USA,AOGCM,GFDL-AM4,GFDL-CM3,,,"GFDL-CM4,GFDL-CM4C192",
GFDL-ESM2G,GFDL,"NASA GFDL",USA,ESM,GFDL-CM2.1,,,GFDL-ESM2G,,"Dunne et al. (2012)"
GFDL-ESM4,GFDL,"NASA GFDL",USA,ESM,GFDL-CM4,,,,GFDL-ESM4,"Dunne et al. (2020)"
GFDL-ESM2M,GFDL,"NASA GFDL",USA,ESM,GFDL-CM2.1,,,GFDL-ESM2M,GFDL-ESM2M,"Dunne et al. (2012)"
KIOST-ESM,GFDL,KIOST,"South Korea",ESM,GFDL-CM2.5,,,,KIOST-ESM,"Pak et al. (2021)"
GFDL-HiRAM,GFDL,"NASA GFDL",USA,AGCM,GFDL-AM2.1,,,"GFDL-HIRAM-C180,GFDL-HIRAM-C360",,"Zhao et al. (2009)"
GEOS-5,GEOS,"NASA GMAO",USA,AGCM,,,,GEOS-5,,
GEOSCCM,GEOS,"NASA GSFC",USA,AGCM,GEOS-5,,,GEOSCCM,,"Li et al. (2012)"
GFS,GFS,NCEP,USA,AGCM,,,,,,
CFS,GFS,NCEP,USA,AOGCM,GFS,,,,,"Saha et al. (2006)"
CFSv2,GFS,NCEP,USA,AOGCM,,CFS,,CFSv2-2011,,
IITM-ESM,GFS,"IITM CCCR",India,ESM,CFSv2,,,,IITM-ESM,"Krishnan et al. (2021)"
INM-CM3.0,INM,INM,Russia,AOGCM,,,inmcm3_0,,,
INM-CM4,INM,INM,Russia,AOGCM,,INM-CM3.0,,INM-CM4,,
INM-CM4.8,INM,INM,Russia,AOGCM,,INM-CM4,,,INM-CM4-8,
INM-CM5.0,INM,INM,Russia,AOGCM,,INM-CM4.8,,,"INM-CM5-0,INM-CM5-H",
"UA MCM","UA MCM",UA,USA,AOGCM,,,,,MCM-UA-1-0,
MIROC3.2,MIROC,CCSR/NIES/FRCGC/MIROC,Japan,AOGCM,,,"miroc3_2_hires,miroc3_2_medres",,,
MIROC4h,MIROC,CCSR/NIES/FRCGC/MIROC,Japan,AOGCM,,MIROC3.2,,MIROC4h,,
MIROC5,MIROC,CCSR/NIES/FRCGC/MIROC,Japan,AOGCM,,MIROC4h,,MIROC5,,
MIROC5.2,MIROC,CCSR/NIES/FRCGC/MIROC,Japan,AOGCM,,MIROC5,,,,
MIROC6,MIROC,CCSR/NIES/FRCGC/MIROC,Japan,AOGCM,,MIROC5.2,,,MIROC6,
MIROC-ESM,MIROC,CCSR/NIES/FRCGC/MIROC,Japan,ESM,MIROC3.2,,,MIROC-ESM,,"Oghaito et al. (2013)"
MIROC-ES2,MIROC,CCSR/NIES/FRCGC/MIROC,Japan,ESM,MIROC5.2,MIROC-ESM,,,"MIROC-ES2H,MIROC-ES2L","Hajima et al. (2020)"
MIROC-ESM-CHEM,MIROC,CCSR/NIES/FRCGC/MIROC,Japan,ESM,MIROC-ESM,,,MIROC-ESM-CHEM,,
NICAM0.9,NICAM,CCSR/NIES/FRCGC/MIROC,Japan,AGCM,,,,NICAM-09,,
NICAM.16,NICAM,CCSR/NIES/FRCGC/MIROC,Japan,AGCM,,NICAM0.9,,,"NICAM16-7S,NICAM16-8S,NICAM16-9S",
"UCLA GCM II","UCLA GCM",UCLA,USA,AGCM,,,,,,
"UCLA GCM III","UCLA GCM",UCLA,USA,AGCM,,"UCLA GCM II",,,,
"GISS Model II","UCLA GCM","NASA GISS",USA,AOGCM,"UCLA GCM II",,,,,"Somerville et al. (1974), Edwards (2000)"
GISS-E1,"UCLA GCM","NASA GISS",USA,AOGCM,,"GISS Model II","giss_model_e_h,giss_model_e_r",,,"Schmidt et al. (2006)"
GISS-E2,"UCLA GCM","NASA GISS",USA,ESM,,GISS-E1,,"GISS-E2-H,GISS-E2-H-CC,GISS-E2-R,GISS-E2-R-CC",,"Schmidt et al. (2014)"
GISS-E2.1,"UCLA GCM","NASA GISS",USA,ESM,,GISS-E2,,,"GISS-E2-1-G,GISS-E2-1-G-CC,GISS-E2-1-H",
GISS-E2.2,"UCLA GCM","NASA GISS",USA,ESM,,GISS-E2.1,,,"GISS-E2-2-G,GISS-E2-2-H",
GISS-E3,"UCLA GCM","NASA GISS",USA,ESM,,GISS-E2.2,,,GISS-E3-G,
GISS-AOM,"UCLA GCM","NASA GISS",USA,AOGCM,"GISS Model II",,giss_aom,,,"Russel et al. (2010)"
MRI-GCM1,"UCLA GCM",MRI,Japan,AGCM,"UCLA GCM II",,,,,"Tokioka et al. (1984), Edwards (2000)"
MRI-AGCM2,"UCLA GCM",MRI,Japan,AGCM,,MRI-GCM1,,,,
MRI-AGCM3,"UCLA GCM",MRI,Japan,AGCM,,MRI-AGCM2,,,,
MRI-AGCM3.2,"UCLA GCM",MRI,Japan,AGCM,,MRI-AGCM3,,"MRI-AGCM3-2H,MRI-AGCM3-2S","MRI-AGCM3-2-H,MRI-AGCM3-2-S",
MRI-AGCM3.5,"UCLA GCM",MRI,Japan,AGCM,,MRI-AGCM3.2,,,,
MRI-CGCM2.3.2a,"UCLA GCM",MRI,Japan,AOGCM,MRI-AGCM2,,mri_cgcm2_3_2a,,,
MRI-CGCM3,"UCLA GCM",MRI,Japan,AOGCM,MRI-AGCM3,MRI-CGCM2.3.2a,,MRI-CGCM3,,"Yukimoto et al. (2012)"
MRI-ESM1,"UCLA GCM",MRI,Japan,ESM,MRI-CGCM3,,,MRI-ESM1,,"Adachi et al. (2013)"
MRI-ESM2.0,"UCLA GCM",MRI,Japan,ESM,MRI-AGCM3.5,MRI-ESM1,,,MRI-ESM2-0,"Yukimoto et al. (2019)"
HadAM3,HadAM,"UKMO/MOHC/KMA NIMR",UK,AGCM,,,,,,
HadGAM1,HadAM,"UKMO/MOHC/KMA NIMR",UK,AGCM,,HadAM3,,,,"Martin et al. (2006)"
HadGAM2,HadAM,"UKMO/MOHC/KMA NIMR",UK,AGCM,,HadGAM1,,,,"Martin et al. (2006)"
GA1,HadAM,"UKMO/MOHC/KMA NIMR",UK,AGCM,,HadGAM2,,,,
GA7.1,HadAM,"UKMO/MOHC/KMA NIMR",UK,AGCM,,GA1,,,,
HadCM3,HadAM,"UKMO/MOHC/KMA NIMR",UK,AOGCM,HadAM3,,ukmo_hadcm3,HadCM3,,"Martin et al. (2006)"
HadGEM1,HadAM,"UKMO/MOHC/KMA NIMR",UK,AOGCM,HadGAM1,HadCM3,ukmo_hadgem1,,,"Johns et al. (2006), Martin et al. (2006)"
HadGEM2,HadAM,"UKMO/MOHC/KMA NIMR",UK,AOGCM,HadGAM2,HadGEM1,,"HadGEM2-A,HadGEM2-AO,HadGEM2-CC,HadGEM2-ES",,
HadGEM3-GC3.1,HadAM,"UKMO/MOHC/KMA NIMR",UK,AOGCM,GA7.1,HadGEM2,,,"HadGEM3-GC31-HH,HadGEM3-GC31-HM,HadGEM3-GC31-LL,HadGEM3-GC31-LM,HadGEM3-GC31-MH,HadGEM3-GC31-MM","WCRP (2022): https://wcrp-cmip.github.io/CMIP6_CVs/docs/CMIP6_source_id.html"
UKESM1.0,HadAM,"UKMO/MOHC/KMA NIMR",UK,ESM,HadGEM3-GC3.1,,,,"UKESM1-0-LL,UKESM1-1-LL,UKESM1-ice-LL","Sellar et al. (2019)"
K-ACE1.0,HadAM,NIMS/KMA,"South Korea",ESM,HadGEM3-GC3.1,,,,KACE-1-0-G,"WCRP (2022): https://wcrp-cmip.github.io/CMIP6_CVs/docs/CMIP6_source_id.html"
ACCESS-CM,HadAM,CSIRO/QCCCE/UNSW/BOM/ARCCSS,Australia,AOGCM,HadGEM2,,,,,"Bi et al. (2013)"
ACCESS-CM2,HadAM,CSIRO/QCCCE/UNSW/BOM/ARCCSS,Australia,AOGCM,GA7.1,ACCESS-CM,,,ACCESS-CM2,"Bi et al. (2020)"
ACCESS1.0,HadAM,CSIRO/QCCCE/UNSW/BOM/ARCCSS,Australia,AOGCM,ACCESS-CM,,,ACCESS1-0,,"Bi et al. (2013)"
ACCESS1.3,HadAM,CSIRO/QCCCE/UNSW/BOM/ARCCSS,Australia,AOGCM,,ACCESS1.0,,ACCESS1-3,,"Bi et al. (2013)"
ACCESS1.4,HadAM,CSIRO/QCCCE/UNSW/BOM/ARCCSS,Australia,AOGCM,,ACCESS1.3,,,,"Ziehn et al. (2020)"
ACCESS-ESM1.5,HadAM,CSIRO/QCCCE/UNSW/BOM/ARCCSS,Australia,ESM,ACCESS1.4,,,,ACCESS-ESM1-5,"Ziehn et al. (2020)"
